{"cameraMode":{"drawMode":0,"name":"Shaded","section":"Shading Mode"},"sceneLighting":false,"audioPlay":false,"sceneViewState":{"m_AlwaysRefresh":false,"showFog":true,"showSkybox":false,"showFlares":true,"showImageEffects":true,"showParticleSystems":true,"showVisualEffectGraphs":true,"m_FxEnabled":true},"in2DMode":false,"pivot":{"x":3.509999990463257,"y":0.27764999866485598,"z":3.2300000190734865},"rotation":{"x":0.29985976219177248,"y":0.5058646202087402,"z":-0.19238893687725068,"w":0.7858312726020813},"size":1.3856407403945923,"orthographic":false}