{"cameraMode":{"drawMode":0,"name":"Shaded","section":"Shading Mode"},"sceneLighting":true,"audioPlay":false,"sceneViewState":{"m_AlwaysRefresh":false,"showFog":true,"showSkybox":true,"showFlares":true,"showImageEffects":true,"showParticleSystems":true,"showVisualEffectGraphs":true,"m_FxEnabled":true},"in2DMode":false,"pivot":{"x":-2.3610341548919679,"y":0.3140297532081604,"z":-0.11724528670310974},"rotation":{"x":0.389395534992218,"y":-0.49155938625335696,"z":0.26091623306274416,"w":0.7340463995933533},"size":3.3591268062591554,"orthographic":false}