{"cameraMode":{"drawMode":0,"name":"Shaded","section":"Shading Mode"},"sceneLighting":true,"audioPlay":false,"sceneViewState":{"m_AlwaysRefresh":false,"showFog":true,"showSkybox":true,"showFlares":true,"showImageEffects":true,"showParticleSystems":true,"showVisualEffectGraphs":true,"m_FxEnabled":true},"in2DMode":false,"pivot":{"x":-2.902148485183716,"y":0.28519463539123537,"z":-2.1944854259490969},"rotation":{"x":0.18557973206043244,"y":0.6189215779304504,"z":-0.1536327749490738,"w":0.7476208209991455},"size":2.4830946922302248,"orthographic":false}