{"cameraMode":{"drawMode":0,"name":"Shaded","section":"Shading Mode"},"sceneLighting":true,"audioPlay":false,"sceneViewState":{"m_AlwaysRefresh":false,"showFog":true,"showSkybox":true,"showFlares":true,"showImageEffects":true,"showParticleSystems":true,"showVisualEffectGraphs":true,"m_FxEnabled":true},"in2DMode":false,"pivot":{"x":3.5617120265960695,"y":0.15738797187805177,"z":3.1459193229675295},"rotation":{"x":0.42608657479286196,"y":0.46370625495910647,"z":-0.26965487003326418,"w":0.7289838194847107},"size":5.579023838043213,"orthographic":false}