{"cameraMode":{"drawMode":0,"name":"Shaded","section":"Shading Mode"},"sceneLighting":true,"audioPlay":false,"sceneViewState":{"m_AlwaysRefresh":false,"showFog":true,"showSkybox":true,"showFlares":true,"showImageEffects":true,"showParticleSystems":true,"showVisualEffectGraphs":true,"m_FxEnabled":true},"in2DMode":false,"pivot":{"x":-2.6193480491638185,"y":0.08477628231048584,"z":3.1079540252685549},"rotation":{"x":0.3020037114620209,"y":-0.6637144088745117,"z":0.3392592668533325,"w":0.5948766469955444},"size":5.0003790855407719,"orthographic":false}