{"cameraMode":{"drawMode":0,"name":"Shaded","section":"Shading Mode"},"sceneLighting":true,"audioPlay":false,"sceneViewState":{"m_AlwaysRefresh":false,"showFog":true,"showSkybox":true,"showFlares":true,"showImageEffects":true,"showParticleSystems":true,"showVisualEffectGraphs":true,"m_FxEnabled":true},"in2DMode":false,"pivot":{"x":-0.05703568458557129,"y":0.13879548013210298,"z":-0.08990812301635742},"rotation":{"x":0.27789774537086489,"y":-0.15662623941898347,"z":0.046587247401475909,"w":0.946744441986084},"size":6.425424098968506,"orthographic":false}